url,type
http://fake1.com,phishing
http://fake2.com,phishing
http://phishing3.com,phishing
http://phishing4.com,phishing
http://phishing5.com,phishing
http://phishing6.com,phishing
http://phishing7.com,phishing
http://phishing8.com,phishing
http://phishing9.com,phishing
http://phishing10.com,phishing
http://phishing11.com,phishing
http://phishing12.com,phishing
http://phishing13.com,phishing
http://phishing14.com,phishing
http://phishing15.com,phishing
http://phishing16.com,phishing
http://phishing17.com,phishing
http://phishing18.com,phishing
http://phishing19.com,phishing
http://phishing20.com,phishing
http://phishing21.com,phishing
http://phishing22.com,phishing
http://phishing23.com,phishing
http://phishing24.com,phishing
http://phishing25.com,phishing
http://phishing26.com,phishing
http://phishing27.com,phishing
http://phishing28.com,phishing
http://phishing29.com,phishing
http://phishing30.com,phishing
http://phishing31.com,phishing
http://phishing32.com,phishing
http://phishing33.com,phishing
http://phishing34.com,phishing
http://phishing35.com,phishing
http://phishing36.com,phishing
http://phishing37.com,phishing
http://phishing38.com,phishing
http://phishing39.com,phishing
http://phishing40.com,phishing
http://phishing41.com,phishing
http://phishing42.com,phishing
http://phishing43.com,phishing
http://phishing44.com,phishing
http://phishing45.com,phishing
http://phishing46.com,phishing
http://phishing47.com,phishing
http://phishing48.com,phishing
http://phishing49.com,phishing
http://phishing50.com,phishing
http://phishing51.com,phishing
http://phishing52.com,phishing
http://phishing53.com,phishing
http://phishing54.com,phishing
http://phishing55.com,phishing
http://phishing56.com,phishing
http://phishing57.com,phishing
http://phishing58.com,phishing
http://phishing59.com,phishing
http://phishing60.com,phishing
http://phishing61.com,phishing
http://phishing62.com,phishing
http://phishing63.com,phishing
http://phishing64.com,phishing
http://phishing65.com,phishing
http://phishing66.com,phishing
http://phishing67.com,phishing
http://phishing68.com,phishing
http://phishing69.com,phishing
http://phishing70.com,phishing
http://phishing71.com,phishing
http://phishing72.com,phishing
http://phishing73.com,phishing
http://phishing74.com,phishing
http://phishing75.com,phishing
http://phishing76.com,phishing
http://phishing77.com,phishing
http://phishing78.com,phishing
http://phishing79.com,phishing
http://phishing80.com,phishing
http://phishing81.com,phishing
http://phishing82.com,phishing
http://phishing83.com,phishing
http://phishing84.com,phishing
http://phishing85.com,phishing
http://phishing86.com,phishing
http://phishing87.com,phishing
http://phishing88.com,phishing
http://phishing89.com,phishing
http://phishing90.com,phishing
http://phishing91.com,phishing
http://phishing92.com,phishing
http://phishing93.com,phishing
http://phishing94.com,phishing
http://phishing95.com,phishing
http://phishing96.com,phishing
http://phishing97.com,phishing
http://phishing98.com,phishing
http://phishing99.com,phishing
http://phishing100.com,phishing
http://phishing101.com,phishing
http://phishing102.com,phishing
http://phishing103.com,phishing
http://phishing104.com,phishing
http://phishing105.com,phishing
http://phishing106.com,phishing
http://phishing107.com,phishing
http://phishing108.com,phishing
http://phishing109.com,phishing
http://phishing110.com,phishing
http://phishing111.com,phishing
http://phishing112.com,phishing
http://phishing113.com,phishing
http://phishing114.com,phishing
http://phishing115.com,phishing
http://phishing116.com,phishing
http://phishing117.com,phishing
http://phishing118.com,phishing
http://phishing119.com,phishing
http://phishing120.com,phishing
http://phishing121.com,phishing
http://phishing122.com,phishing
http://phishing123.com,phishing
http://phishing124.com,phishing
http://phishing125.com,phishing
http://phishing126.com,phishing
http://phishing127.com,phishing
http://phishing128.com,phishing
http://phishing129.com,phishing
http://phishing130.com,phishing
http://phishing131.com,phishing
http://phishing132.com,phishing
http://phishing133.com,phishing
http://phishing134.com,phishing
http://phishing135.com,phishing
http://phishing136.com,phishing
http://phishing137.com,phishing
http://phishing138.com,phishing
http://phishing139.com,phishing
http://phishing140.com,phishing
http://phishing141.com,phishing
http://phishing142.com,phishing
http://phishing143.com,phishing
http://phishing144.com,phishing
http://phishing145.com,phishing
http://phishing146.com,phishing
http://phishing147.com,phishing
http://phishing148.com,phishing
http://phishing149.com,phishing
http://phishing150.com,phishing
http://phishing151.com,phishing
http://phishing152.com,phishing
http://phishing153.com,phishing
http://phishing154.com,phishing
http://phishing155.com,phishing
http://phishing156.com,phishing
http://phishing157.com,phishing
http://phishing158.com,phishing
http://phishing159.com,phishing
http://phishing160.com,phishing
http://phishing161.com,phishing
http://phishing162.com,phishing
http://phishing163.com,phishing
http://phishing164.com,phishing
http://phishing165.com,phishing
http://phishing166.com,phishing
http://phishing167.com,phishing
http://phishing168.com,phishing
http://phishing169.com,phishing
http://phishing170.com,phishing
http://phishing171.com,phishing
http://phishing172.com,phishing
http://phishing173.com,phishing
http://phishing174.com,phishing
http://phishing175.com,phishing
http://phishing176.com,phishing
http://phishing177.com,phishing
http://phishing178.com,phishing
http://phishing179.com,phishing
http://phishing180.com,phishing
http://phishing181.com,phishing
http://phishing182.com,phishing
http://phishing183.com,phishing
http://phishing184.com,phishing
http://phishing185.com,phishing
http://phishing186.com,phishing
http://phishing187.com,phishing
http://phishing188.com,phishing
http://phishing189.com,phishing
http://phishing190.com,phishing
http://phishing191.com,phishing
http://phishing192.com,phishing
http://phishing193.com,phishing
http://phishing194.com,phishing
http://phishing195.com,phishing
http://phishing196.com,phishing
http://phishing197.com,phishing
http://phishing198.com,phishing
http://phishing199.com,phishing
http://phishing200.com,phishing
http://phishing201.com,phishing
http://phishing202.com,phishing
http://phishing203.com,phishing
http://phishing204.com,phishing
http://phishing205.com,phishing
http://phishing206.com,phishing
http://phishing207.com,phishing
http://phishing208.com,phishing
http://phishing209.com,phishing
http://phishing210.com,phishing
http://phishing211.com,phishing
http://phishing212.com,phishing
http://phishing213.com,phishing
http://phishing214.com,phishing
http://phishing215.com,phishing
http://phishing216.com,phishing
http://phishing217.com,phishing
http://phishing218.com,phishing
http://phishing219.com,phishing
http://phishing220.com,phishing
http://phishing221.com,phishing
http://phishing222.com,phishing
http://phishing223.com,phishing
http://phishing224.com,phishing
http://phishing225.com,phishing
http://phishing226.com,phishing
http://phishing227.com,phishing
http://phishing228.com,phishing
http://phishing229.com,phishing
http://phishing230.com,phishing
http://phishing231.com,phishing
http://phishing232.com,phishing
http://phishing233.com,phishing
http://phishing234.com,phishing
http://phishing235.com,phishing
http://phishing236.com,phishing
http://phishing237.com,phishing
http://phishing238.com,phishing
http://phishing239.com,phishing
http://phishing240.com,phishing
http://phishing241.com,phishing
http://phishing242.com,phishing
http://phishing243.com,phishing
http://phishing244.com,phishing
http://phishing245.com,phishing
http://phishing246.com,phishing
http://phishing247.com,phishing
http://phishing248.com,phishing
http://phishing249.com,phishing
http://phishing250.com,phishing
http://phishing251.com,phishing
http://phishing252.com,phishing
http://phishing253.com,phishing
http://phishing254.com,phishing
http://phishing255.com,phishing
http://phishing256.com,phishing
http://phishing257.com,phishing
http://phishing258.com,phishing
http://phishing259.com,phishing
http://phishing260.com,phishing
http://phishing261.com,phishing
http://phishing262.com,phishing
http://phishing263.com,phishing
http://phishing264.com,phishing
http://phishing265.com,phishing
http://phishing266.com,phishing
http://phishing267.com,phishing
http://phishing268.com,phishing
http://phishing269.com,phishing
http://phishing270.com,phishing
http://phishing271.com,phishing
http://phishing272.com,phishing
http://phishing273.com,phishing
http://phishing274.com,phishing
http://phishing275.com,phishing
http://phishing276.com,phishing
http://phishing277.com,phishing
http://phishing278.com,phishing
http://phishing279.com,phishing
http://phishing280.com,phishing
http://phishing281.com,phishing
http://phishing282.com,phishing
http://phishing283.com,phishing
http://phishing284.com,phishing
http://phishing285.com,phishing
http://phishing286.com,phishing
http://phishing287.com,phishing
http://phishing288.com,phishing
http://phishing289.com,phishing
http://phishing290.com,phishing
http://phishing291.com,phishing
http://phishing292.com,phishing
http://phishing293.com,phishing
http://phishing294.com,phishing
http://phishing295.com,phishing
http://phishing296.com,phishing
http://phishing297.com,phishing
http://phishing298.com,phishing
http://phishing299.com,phishing
http://phishing300.com,phishing
http://phishing301.com,phishing
http://phishing302.com,phishing
http://phishing303.com,phishing
http://phishing304.com,phishing
http://phishing305.com,phishing
http://phishing306.com,phishing
http://phishing307.com,phishing
http://phishing308.com,phishing
http://phishing309.com,phishing
http://phishing310.com,phishing
http://phishing311.com,phishing
http://phishing312.com,phishing
http://phishing313.com,phishing
http://phishing314.com,phishing
http://phishing315.com,phishing
http://phishing316.com,phishing
http://phishing317.com,phishing
http://phishing318.com,phishing
http://phishing319.com,phishing
http://phishing320.com,phishing
http://phishing321.com,phishing
http://phishing322.com,phishing
http://phishing323.com,phishing
http://phishing324.com,phishing
http://phishing325.com,phishing
http://phishing326.com,phishing
http://phishing327.com,phishing
http://phishing328.com,phishing
http://phishing329.com,phishing
http://phishing330.com,phishing
http://phishing331.com,phishing
http://phishing332.com,phishing
http://phishing333.com,phishing
http://phishing334.com,phishing
http://phishing335.com,phishing
http://phishing336.com,phishing
http://phishing337.com,phishing
http://phishing338.com,phishing
http://phishing339.com,phishing
http://phishing340.com,phishing
http://phishing341.com,phishing
http://phishing342.com,phishing
http://phishing343.com,phishing
http://phishing344.com,phishing
http://phishing345.com,phishing
http://phishing346.com,phishing
http://phishing347.com,phishing
http://phishing348.com,phishing
http://phishing349.com,phishing
http://phishing350.com,phishing
http://phishing351.com,phishing
http://phishing352.com,phishing
http://phishing353.com,phishing
http://phishing354.com,phishing
http://phishing355.com,phishing
http://phishing356.com,phishing
http://phishing357.com,phishing
http://phishing358.com,phishing
http://phishing359.com,phishing
http://phishing360.com,phishing
http://phishing361.com,phishing
http://phishing362.com,phishing
http://phishing363.com,phishing
http://phishing364.com,phishing
http://phishing365.com,phishing
http://phishing366.com,phishing
http://phishing367.com,phishing
http://phishing368.com,phishing
http://phishing369.com,phishing
http://phishing370.com,phishing
http://phishing371.com,phishing
http://phishing372.com,phishing
http://phishing373.com,phishing
http://phishing374.com,phishing
http://phishing375.com,phishing
http://phishing376.com,phishing
http://phishing377.com,phishing
http://phishing378.com,phishing
http://phishing379.com,phishing
http://phishing380.com,phishing
http://phishing381.com,phishing
http://phishing382.com,phishing
http://phishing383.com,phishing
http://phishing384.com,phishing
http://phishing385.com,phishing
http://phishing386.com,phishing
http://phishing387.com,phishing
http://phishing388.com,phishing
http://phishing389.com,phishing
http://phishing390.com,phishing
http://phishing391.com,phishing
http://phishing392.com,phishing
http://phishing393.com,phishing
http://phishing394.com,phishing
http://phishing395.com,phishing
http://phishing396.com,phishing
http://phishing397.com,phishing
http://phishing398.com,phishing
http://phishing399.com,phishing
http://phishing400.com,phishing
http://phishing401.com,phishing
http://phishing402.com,phishing
http://phishing403.com,phishing
http://phishing404.com,phishing
http://phishing405.com,phishing
http://phishing406.com,phishing
http://phishing407.com,phishing
http://phishing408.com,phishing
http://phishing409.com,phishing
http://phishing410.com,phishing
http://phishing411.com,phishing
http://phishing412.com,phishing
http://phishing413.com,phishing
http://phishing414.com,phishing
http://phishing415.com,phishing
http://phishing416.com,phishing
http://phishing417.com,phishing
http://phishing418.com,phishing
http://phishing419.com,phishing
http://phishing420.com,phishing
http://phishing421.com,phishing
http://phishing422.com,phishing
http://phishing423.com,phishing
http://phishing424.com,phishing
http://phishing425.com,phishing
http://phishing426.com,phishing
http://phishing427.com,phishing
http://phishing428.com,phishing
http://phishing429.com,phishing
http://phishing430.com,phishing
http://phishing431.com,phishing
http://phishing432.com,phishing
http://phishing433.com,phishing
http://phishing434.com,phishing
http://phishing435.com,phishing
http://phishing436.com,phishing
http://phishing437.com,phishing
http://phishing438.com,phishing
http://phishing439.com,phishing
http://phishing440.com,phishing
http://phishing441.com,phishing
http://phishing442.com,phishing
http://phishing443.com,phishing
http://phishing444.com,phishing
http://phishing445.com,phishing
http://phishing446.com,phishing
http://phishing447.com,phishing
http://phishing448.com,phishing
http://phishing449.com,phishing
http://phishing450.com,phishing
http://phishing451.com,phishing
http://phishing452.com,phishing
http://phishing453.com,phishing
http://phishing454.com,phishing
http://phishing455.com,phishing
http://phishing456.com,phishing
http://phishing457.com,phishing
http://phishing458.com,phishing
http://phishing459.com,phishing
http://phishing460.com,phishing
http://phishing461.com,phishing
http://phishing462.com,phishing
http://phishing463.com,phishing
http://phishing464.com,phishing
http://phishing465.com,phishing
http://phishing466.com,phishing
http://phishing467.com,phishing
http://phishing468.com,phishing
http://phishing469.com,phishing
http://phishing470.com,phishing
http://phishing471.com,phishing
http://phishing472.com,phishing
http://phishing473.com,phishing
http://phishing474.com,phishing
http://phishing475.com,phishing
http://phishing476.com,phishing
http://phishing477.com,phishing
http://phishing478.com,phishing
http://phishing479.com,phishing
http://phishing480.com,phishing
http://phishing481.com,phishing
http://phishing482.com,phishing
http://phishing483.com,phishing
http://phishing484.com,phishing
http://phishing485.com,phishing
http://phishing486.com,phishing
http://phishing487.com,phishing
http://phishing488.com,phishing
http://phishing489.com,phishing
http://phishing490.com,phishing
http://phishing491.com,phishing
http://phishing492.com,phishing
http://phishing493.com,phishing
http://phishing494.com,phishing
http://phishing495.com,phishing
http://phishing496.com,phishing
http://phishing497.com,phishing
http://phishing498.com,phishing
http://phishing499.com,phishing
http://phishing500.com,phishing
http://malicious1.net,malicious
http://malicious2.net,malicious
http://malicious3.net,malicious
http://malicious4.net,malicious
http://malicious5.net,malicious
http://malicious6.net,malicious
http://malicious7.net,malicious
http://malicious8.net,malicious
http://malicious9.net,malicious
http://malicious10.net,malicious
http://malicious11.net,malicious
http://malicious12.net,malicious
http://malicious13.net,malicious
http://malicious14.net,malicious
http://malicious15.net,malicious
http://malicious16.net,malicious
http://malicious17.net,malicious
http://malicious18.net,malicious
http://malicious19.net,malicious
http://malicious20.net,malicious
http://malicious21.net,malicious
http://malicious22.net,malicious
http://malicious23.net,malicious
http://malicious24.net,malicious
http://malicious25.net,malicious
http://malicious26.net,malicious
http://malicious27.net,malicious
http://malicious28.net,malicious
http://malicious29.net,malicious
http://malicious30.net,malicious
http://malicious31.net,malicious
http://malicious32.net,malicious
http://malicious33.net,malicious
http://malicious34.net,malicious
http://malicious35.net,malicious
http://malicious36.net,malicious
http://malicious37.net,malicious
http://malicious38.net,malicious
http://malicious39.net,malicious
http://malicious40.net,malicious
http://malicious41.net,malicious
http://malicious42.net,malicious
http://malicious43.net,malicious
http://malicious44.net,malicious
http://malicious45.net,malicious
http://malicious46.net,malicious
http://malicious47.net,malicious
http://malicious48.net,malicious
http://malicious49.net,malicious
http://malicious50.net,malicious
http://malicious51.net,malicious
http://malicious52.net,malicious
http://malicious53.net,malicious
http://malicious54.net,malicious
http://malicious55.net,malicious
http://malicious56.net,malicious
http://malicious57.net,malicious
http://malicious58.net,malicious
http://malicious59.net,malicious
http://malicious60.net,malicious
http://malicious61.net,malicious
http://malicious62.net,malicious
http://malicious63.net,malicious
http://malicious64.net,malicious
http://malicious65.net,malicious
http://malicious66.net,malicious
http://malicious67.net,malicious
http://malicious68.net,malicious
http://malicious69.net,malicious
http://malicious70.net,malicious
http://malicious71.net,malicious
http://malicious72.net,malicious
http://malicious73.net,malicious
http://malicious74.net,malicious
http://malicious75.net,malicious
http://malicious76.net,malicious
http://malicious77.net,malicious
http://malicious78.net,malicious
http://malicious79.net,malicious
http://malicious80.net,malicious
http://malicious81.net,malicious
http://malicious82.net,malicious
http://malicious83.net,malicious
http://malicious84.net,malicious
http://malicious85.net,malicious
http://malicious86.net,malicious
http://malicious87.net,malicious
http://malicious88.net,malicious
http://malicious89.net,malicious
http://malicious90.net,malicious
http://malicious91.net,malicious
http://malicious92.net,malicious
http://malicious93.net,malicious
http://malicious94.net,malicious
http://malicious95.net,malicious
http://malicious96.net,malicious
http://malicious97.net,malicious
http://malicious98.net,malicious
http://malicious99.net,malicious
http://malicious100.net,malicious
http://malicious101.net,malicious
http://malicious102.net,malicious
http://malicious103.net,malicious
http://malicious104.net,malicious
http://malicious105.net,malicious
http://malicious106.net,malicious
http://malicious107.net,malicious
http://malicious108.net,malicious
http://malicious109.net,malicious
http://malicious110.net,malicious
http://malicious111.net,malicious
http://malicious112.net,malicious
http://malicious113.net,malicious
http://malicious114.net,malicious
http://malicious115.net,malicious
http://malicious116.net,malicious
http://malicious117.net,malicious
http://malicious118.net,malicious
http://malicious119.net,malicious
http://malicious120.net,malicious
http://malicious121.net,malicious
http://malicious122.net,malicious
http://malicious123.net,malicious
http://malicious124.net,malicious
http://malicious125.net,malicious
http://malicious126.net,malicious
http://malicious127.net,malicious
http://malicious128.net,malicious
http://malicious129.net,malicious
http://malicious130.net,malicious
http://malicious131.net,malicious
http://malicious132.net,malicious
http://malicious133.net,malicious
http://malicious134.net,malicious
http://malicious135.net,malicious
http://malicious136.net,malicious
http://malicious137.net,malicious
http://malicious138.net,malicious
http://malicious139.net,malicious
http://malicious140.net,malicious
http://malicious141.net,malicious
http://malicious142.net,malicious
http://malicious143.net,malicious
http://malicious144.net,malicious
http://malicious145.net,malicious
http://malicious146.net,malicious
http://malicious147.net,malicious
http://malicious148.net,malicious
http://malicious149.net,malicious
http://malicious150.net,malicious
http://malicious151.net,malicious
http://malicious152.net,malicious
http://malicious153.net,malicious
http://malicious154.net,malicious
http://malicious155.net,malicious
http://malicious156.net,malicious
http://malicious157.net,malicious
http://malicious158.net,malicious
http://malicious159.net,malicious
http://malicious160.net,malicious
http://malicious161.net,malicious
http://malicious162.net,malicious
http://malicious163.net,malicious
http://malicious164.net,malicious
http://malicious165.net,malicious
http://malicious166.net,malicious
http://malicious167.net,malicious
http://malicious168.net,malicious
http://malicious169.net,malicious
http://malicious170.net,malicious
http://malicious171.net,malicious
http://malicious172.net,malicious
http://malicious173.net,malicious
http://malicious174.net,malicious
http://malicious175.net,malicious
http://malicious176.net,malicious
http://malicious177.net,malicious
http://malicious178.net,malicious
http://malicious179.net,malicious
http://malicious180.net,malicious
http://malicious181.net,malicious
http://malicious182.net,malicious
http://malicious183.net,malicious
http://malicious184.net,malicious
http://malicious185.net,malicious
http://malicious186.net,malicious
http://malicious187.net,malicious
http://malicious188.net,malicious
http://malicious189.net,malicious
http://malicious190.net,malicious
http://malicious191.net,malicious
http://malicious192.net,malicious
http://malicious193.net,malicious
http://malicious194.net,malicious
http://malicious195.net,malicious
http://malicious196.net,malicious
http://malicious197.net,malicious
http://malicious198.net,malicious
http://malicious199.net,malicious
http://malicious200.net,malicious
http://malicious201.net,malicious
http://malicious202.net,malicious
http://malicious203.net,malicious
http://malicious204.net,malicious
http://malicious205.net,malicious
http://malicious206.net,malicious
http://malicious207.net,malicious
http://malicious208.net,malicious
http://malicious209.net,malicious
http://malicious210.net,malicious
http://malicious211.net,malicious
http://malicious212.net,malicious
http://malicious213.net,malicious
http://malicious214.net,malicious
http://malicious215.net,malicious
http://malicious216.net,malicious
http://malicious217.net,malicious
http://malicious218.net,malicious
http://malicious219.net,malicious
http://malicious220.net,malicious
http://malicious221.net,malicious
http://malicious222.net,malicious
http://malicious223.net,malicious
http://malicious224.net,malicious
http://malicious225.net,malicious
http://malicious226.net,malicious
http://malicious227.net,malicious
http://malicious228.net,malicious
http://malicious229.net,malicious
http://malicious230.net,malicious
http://malicious231.net,malicious
http://malicious232.net,malicious
http://malicious233.net,malicious
http://malicious234.net,malicious
http://malicious235.net,malicious
http://malicious236.net,malicious
http://malicious237.net,malicious
http://malicious238.net,malicious
http://malicious239.net,malicious
http://malicious240.net,malicious
http://malicious241.net,malicious
http://malicious242.net,malicious
http://malicious243.net,malicious
http://malicious244.net,malicious
http://malicious245.net,malicious
http://malicious246.net,malicious
http://malicious247.net,malicious
http://malicious248.net,malicious
http://malicious249.net,malicious
http://malicious250.net,malicious
http://malicious251.net,malicious
http://malicious252.net,malicious
http://malicious253.net,malicious
http://malicious254.net,malicious
http://malicious255.net,malicious
http://malicious256.net,malicious
http://malicious257.net,malicious
http://malicious258.net,malicious
http://malicious259.net,malicious
http://malicious260.net,malicious
http://malicious261.net,malicious
http://malicious262.net,malicious
http://malicious263.net,malicious
http://malicious264.net,malicious
http://malicious265.net,malicious
http://malicious266.net,malicious
http://malicious267.net,malicious
http://malicious268.net,malicious
http://malicious269.net,malicious
http://malicious270.net,malicious
http://malicious271.net,malicious
http://malicious272.net,malicious
http://malicious273.net,malicious
http://malicious274.net,malicious
http://malicious275.net,malicious
http://malicious276.net,malicious
http://malicious277.net,malicious
http://malicious278.net,malicious
http://malicious279.net,malicious
http://malicious280.net,malicious
http://malicious281.net,malicious
http://malicious282.net,malicious
http://malicious283.net,malicious
http://malicious284.net,malicious
http://malicious285.net,malicious
http://malicious286.net,malicious
http://malicious287.net,malicious
http://malicious288.net,malicious
http://malicious289.net,malicious
http://malicious290.net,malicious
http://malicious291.net,malicious
http://malicious292.net,malicious
http://malicious293.net,malicious
http://malicious294.net,malicious
http://malicious295.net,malicious
http://malicious296.net,malicious
http://malicious297.net,malicious
http://malicious298.net,malicious
http://malicious299.net,malicious
http://malicious300.net,malicious
http://malicious301.net,malicious
http://malicious302.net,malicious
http://malicious303.net,malicious
http://malicious304.net,malicious
http://malicious305.net,malicious
http://malicious306.net,malicious
http://malicious307.net,malicious
http://malicious308.net,malicious
http://malicious309.net,malicious
http://malicious310.net,malicious
http://malicious311.net,malicious
http://malicious312.net,malicious
http://malicious313.net,malicious
http://malicious314.net,malicious
http://malicious315.net,malicious
http://malicious316.net,malicious
http://malicious317.net,malicious
http://malicious318.net,malicious
http://malicious319.net,malicious
http://malicious320.net,malicious
http://malicious321.net,malicious
http://malicious322.net,malicious
http://malicious323.net,malicious
http://malicious324.net,malicious
http://malicious325.net,malicious
http://malicious326.net,malicious
http://malicious327.net,malicious
http://malicious328.net,malicious
http://malicious329.net,malicious
http://malicious330.net,malicious
http://malicious331.net,malicious
http://malicious332.net,malicious
http://malicious333.net,malicious
http://malicious334.net,malicious
http://malicious335.net,malicious
http://malicious336.net,malicious
http://malicious337.net,malicious
http://malicious338.net,malicious
http://malicious339.net,malicious
http://malicious340.net,malicious
http://malicious341.net,malicious
http://malicious342.net,malicious
http://malicious343.net,malicious
http://malicious344.net,malicious
http://malicious345.net,malicious
http://malicious346.net,malicious
http://malicious347.net,malicious
http://malicious348.net,malicious
http://malicious349.net,malicious
http://malicious350.net,malicious
http://malicious351.net,malicious
http://malicious352.net,malicious
http://malicious353.net,malicious
http://malicious354.net,malicious
http://malicious355.net,malicious
http://malicious356.net,malicious
http://malicious357.net,malicious
http://malicious358.net,malicious
http://malicious359.net,malicious
http://malicious360.net,malicious
http://malicious361.net,malicious
http://malicious362.net,malicious
http://malicious363.net,malicious
http://malicious364.net,malicious
http://malicious365.net,malicious
http://malicious366.net,malicious
http://malicious367.net,malicious
http://malicious368.net,malicious
http://malicious369.net,malicious
http://malicious370.net,malicious
http://malicious371.net,malicious
http://malicious372.net,malicious
http://malicious373.net,malicious
http://malicious374.net,malicious
http://malicious375.net,malicious
http://malicious376.net,malicious
http://malicious377.net,malicious
http://malicious378.net,malicious
http://malicious379.net,malicious
http://malicious380.net,malicious
http://malicious381.net,malicious
http://malicious382.net,malicious
http://malicious383.net,malicious
http://malicious384.net,malicious
http://malicious385.net,malicious
http://malicious386.net,malicious
http://malicious387.net,malicious
http://malicious388.net,malicious
http://malicious389.net,malicious
http://malicious390.net,malicious
http://malicious391.net,malicious
http://malicious392.net,malicious
http://malicious393.net,malicious
http://malicious394.net,malicious
http://malicious395.net,malicious
http://malicious396.net,malicious
http://malicious397.net,malicious
http://malicious398.net,malicious
http://malicious399.net,malicious
http://malicious400.net,malicious
http://malicious401.net,malicious
http://malicious402.net,malicious
http://malicious403.net,malicious
http://malicious404.net,malicious
http://malicious405.net,malicious
http://malicious406.net,malicious
http://malicious407.net,malicious
http://malicious408.net,malicious
http://malicious409.net,malicious
http://malicious410.net,malicious
http://malicious411.net,malicious
http://malicious412.net,malicious
http://malicious413.net,malicious
http://malicious414.net,malicious
http://malicious415.net,malicious
http://malicious416.net,malicious
http://malicious417.net,malicious
http://malicious418.net,malicious
http://malicious419.net,malicious
http://malicious420.net,malicious
http://malicious421.net,malicious
http://malicious422.net,malicious
http://malicious423.net,malicious
http://malicious424.net,malicious
http://malicious425.net,malicious
http://malicious426.net,malicious
http://malicious427.net,malicious
http://malicious428.net,malicious
http://malicious429.net,malicious
http://malicious430.net,malicious
http://malicious431.net,malicious
http://malicious432.net,malicious
http://malicious433.net,malicious
http://malicious434.net,malicious
http://malicious435.net,malicious
http://malicious436.net,malicious
http://malicious437.net,malicious
http://malicious438.net,malicious
http://malicious439.net,malicious
http://malicious440.net,malicious
http://malicious441.net,malicious
http://malicious442.net,malicious
http://malicious443.net,malicious
http://malicious444.net,malicious
http://malicious445.net,malicious
http://malicious446.net,malicious
http://malicious447.net,malicious
http://malicious448.net,malicious
http://malicious449.net,malicious
http://malicious450.net,malicious
http://malicious451.net,malicious
http://malicious452.net,malicious
http://malicious453.net,malicious
http://malicious454.net,malicious
http://malicious455.net,malicious
http://malicious456.net,malicious
http://malicious457.net,malicious
http://malicious458.net,malicious
http://malicious459.net,malicious
http://malicious460.net,malicious
http://malicious461.net,malicious
http://malicious462.net,malicious
http://malicious463.net,malicious
http://malicious464.net,malicious
http://malicious465.net,malicious
http://malicious466.net,malicious
http://malicious467.net,malicious
http://malicious468.net,malicious
http://malicious469.net,malicious
http://malicious470.net,malicious
http://malicious471.net,malicious
http://malicious472.net,malicious
http://malicious473.net,malicious
http://malicious474.net,malicious
http://malicious475.net,malicious
http://malicious476.net,malicious
http://malicious477.net,malicious
http://malicious478.net,malicious
http://malicious479.net,malicious
http://malicious480.net,malicious
http://malicious481.net,malicious
http://malicious482.net,malicious
http://malicious483.net,malicious
http://malicious484.net,malicious
http://malicious485.net,malicious
http://malicious486.net,malicious
http://malicious487.net,malicious
http://malicious488.net,malicious
http://malicious489.net,malicious
http://malicious490.net,malicious
http://malicious491.net,malicious
http://malicious492.net,malicious
http://malicious493.net,malicious
http://malicious494.net,malicious
http://malicious495.net,malicious
http://malicious496.net,malicious
http://malicious497.net,malicious
http://malicious498.net,malicious
http://malicious499.net,malicious
http://malicious500.net,malicious
